Modelo,Accuracy,Precision,Recall,F1-Score,AUC
Logistic Regression,0.975,0.5,1.0,0.6666666666666666,0.9921652421652422
Random Forest,0.9958333333333333,1.0,0.8333333333333334,0.9090909090909091,0.9999999999999999
Gradient Boosting,1.0,1.0,1.0,1.0,1.0
